;num_nodes;num_edges;average_shortest_path_length;density;average_node_degree;net_to_component_ratio;pin_to_component_ratio;avg_connections_per_net;num_nodes_component;num_nodes_pin;num_nodes_net;num_components_N;num_components_P;num_components_R;num_components_V;num_components_C;num_components_X
mean;25,04102564102564;27,097435897435897;5,043589743589743;0,11294682518155937;2,079519883834977;1,175082643872499;2,408316552620343;2,351736267556106;5,7384615384615385;13,669230769230769;5,633333333333334;1,0256410256410255;0,5282051282051282;1,8487179487179488;1,6307692307692307;0,5615384615384615;0,14358974358974358


# Global component class frequencies
component_type;count;relative_frequency_percent
R;721;32,21626452189455
V;636;28,418230563002684
N;400;17,873100983020553
C;219;9,785522788203753
P;206;9,204647006255586
X;56;2,5022341376228776
