;num_nodes;num_edges;average_shortest_path_length;density;average_node_degree;net_to_component_ratio;pin_to_component_ratio;avg_connections_per_net;num_nodes_component;num_nodes_pin;num_nodes_net;num_components_P;num_components_N;num_components_C;num_components_I;num_components_R;num_components_Q
mean;102,5050051777701;110,26924404556438;8,660683465654126;0,03410745720992478;2,102944895165688;1,5591095195558937;2,82361494634923;1,876497955449144;19,32654470141526;55,13462202278219;28,04383845357266;7,102865032792544;8,82153952364515;1,1397997928891956;0,03866068346565413;1,6665516051087332;0,55712806351398


# Global component class frequencies
component_type;count;relative_frequency_percent
N;25556;45,64468020504028
P;20577;36,75186197288753
R;4828;8,62312239904267
C;3302;5,897587026022968
Q;1614;2,8827091035739163
I;112;0,20003929343263854
