;num_nodes;num_edges;average_shortest_path_length;density;average_node_degree;net_to_component_ratio;pin_to_component_ratio;avg_connections_per_net;num_nodes_component;num_nodes_net;num_components_V;num_components_R;num_components_I;num_components_Q;num_components_N;num_components_P;num_components_C;num_components_X
mean;12,900224215246636;15,246636771300448;3,1300448430493275;0,22904207478020253;2,259011425191411;1,0828320328300616;0,0;2,42270102432511;6,721973094170403;6,178251121076233;1,6860986547085202;1,9439461883408071;0,5011210762331838;0,594170403587444;0,9136771300448431;0,554932735426009;0,4618834080717489;0,06614349775784753


# Global component class frequencies
component_type;count;relative_frequency_percent
R;1734;28,919279519679787
V;1504;25,083388925950633
N;815;13,592394929953302
Q;530;8,839226150767178
P;495;8,255503669112741
I;447;7,454969979986657
C;412;6,871247498332221
X;59;0,9839893262174783
