;num_nodes;num_edges;average_shortest_path_length;density;average_node_degree;net_to_component_ratio;pin_to_component_ratio;avg_connections_per_net;num_nodes_component;num_nodes_pin;num_nodes_net;num_components_P;num_components_N;num_components_R;num_components_C
mean;100,46176105828854;108,26953286482018;8,546920214964862;0,035101162828858834;2,103746498368522;1,5621266054685123;2,828633350083324;1,8787227370018653;18,92517569243489;54,13476643241009;27,401818933443572;7,18230673832162;9,102108309218686;1,3212071103761884;1,319553534518396


# Global component class frequencies
component_type;count;relative_frequency_percent
N;22018;48,095238095238095
P;17374;37,95107033639143
R;3196;6,981214504150284
C;3192;6,972477064220184
