;num_nodes;num_edges;average_shortest_path_length;density;average_node_degree;net_to_component_ratio;pin_to_component_ratio;avg_connections_per_net;num_nodes_component;num_nodes_pin;num_nodes_net;num_components_N;num_components_V;num_components_R;num_components_P;num_components_C
mean;19,837988826815643;20,625698324022345;4,743016759776537;0,13237507543887594;2,051485127858293;1,427248194077803;2,531052482588795;1,9150131664899166;4,097765363128492;10,312849162011172;5,427374301675978;1,589385474860335;0,29608938547486036;1,229050279329609;0,5279329608938548;0,4553072625698324


# Global component class frequencies
component_type;count;relative_frequency_percent
N;569;38,78663940013633
R;440;29,9931833674165
P;189;12,883435582822086
C;163;11,11111111111111
V;106;7,2256305385139745
