;num_nodes;num_edges;average_shortest_path_length;density;average_node_degree;net_to_component_ratio;pin_to_component_ratio;avg_connections_per_net;num_nodes_component;num_nodes_pin;num_components_N;num_components_P;num_components_R;num_components_V;num_components_C;num_components_X
mean;19,921465968586386;32,332460732984295;3,850785340314136;0,1735161909547973;2,628391434550524;0,0;2,2591430939035084;0,0;6,057591623036649;13,863874345549739;1,0471204188481675;0,5366492146596858;1,856020942408377;1,9031413612565444;0,5706806282722513;0,14397905759162305


# Global component class frequencies
component_type;count;relative_frequency_percent
V;727;31,41745894554883
R;709;30,639585133967156
N;400;17,28608470181504
C;218;9,420916162489196
P;205;8,859118409680207
X;55;2,376836646499568
