;num_nodes;num_edges;average_shortest_path_length;density;average_node_degree;net_to_component_ratio;pin_to_component_ratio;avg_connections_per_net;num_nodes_component;num_components_P;num_components_N;num_components_R;num_components_C
mean;18,713607594936708;96,74894514767932;1,990506329113924;0,5026547509626142;8,324824795695458;0,0;0,0;0,0;18,713607594936708;7,287447257383966;9,26740506329114;1,0922995780590716;1,0664556962025316


# Global component class frequencies
component_type;count;relative_frequency_percent
N;17571;49,52227952988923
P;13817;38,94196894112342
R;2071;5,8369268058961135
C;2022;5,6988247230912314
