;num_nodes;num_edges;average_shortest_path_length;density;average_node_degree;net_to_component_ratio;pin_to_component_ratio;avg_connections_per_net;num_nodes_component;num_nodes_pin;num_nodes_net;num_components_V;num_components_R;num_components_I;num_components_Q;num_components_N;num_components_P;num_components_C;num_components_X
mean;28,807174887892376;31,65358744394619;5,365470852017937;0,09816233778527601;2,1229998211024155;1,0822741639425963;2,3857236355752574;2,4966680390388203;6,7242152466367715;15,90695067264574;6,176008968609866;1,687219730941704;1,9439461883408071;0,5011210762331838;0,594170403587444;0,9136771300448431;0,554932735426009;0,4618834080717489;0,06726457399103139


# Global component class frequencies
component_type;count;relative_frequency_percent
R;1734;28,90963654551517
V;1505;25,0916972324108
N;815;13,587862620873626
Q;530;8,836278759586529
P;495;8,252750916972323
I;447;7,4524841613871295
C;412;6,868956318772924
X;60;1,0003334444814937
